
{
    "items": [
      {
        "id": 1,
        "images": [
          "nba.jpg",
          "nba2.jpg",
          "nba3.jpg"
        ],
        "name": {
          "english": "Item 1",
          "russian": "Пункт 1"
        },
        "description": {
          "english": "Description for Item 1",
          "russian": "Описание для пункта 1"
        },
        "timestamps": {
          "creation": "2024-02-26T12:00:00Z",
          "update": "2024-02-26T14:30:00Z",
          "deletion": null
        }
      }
    ]
  }
  